{"v":"5.5.2","fr":60,"ip":0,"op":120,"w":300,"h":300,"nm":"Loading","ddd":0,"assets":[],"layers":[{"ddd":0,"ind":1,"ty":4,"nm":"head","sr":1,"ks":{"o":{"a":0,"k":100,"ix":11},"r":{"a":0,"k":0,"ix":10},"p":{"a":0,"k":[150.25,84.25,0],"ix":2},"a":{"a":0,"k":[31.5,31.5,0],"ix":1},"s":{"a":0,"k":[133.402,133.402,100],"ix":6}},"ao":0,"shapes":[{"ty":"gr","it":[{"ind":0,"ty":"sh","ix":1,"ks":{"a":0,"k":{"i":[[2.458,-12.248],[12.247,2.459],[-2.459,12.248],[-12.248,-2.459]],"o":[[-2.459,12.248],[-12.248,-2.459],[2.459,-12.248],[12.247,2.459]],"v":[[22.178,4.452],[-4.451,22.177],[-22.176,-4.452],[4.452,-22.177]],"c":true},"ix":2},"nm":"パス 1","mn":"ADBE Vector Shape - Group","hd":false},{"ty":"fl","c":{"a":0,"k":[0.685451492609,0.666392965878,0.643461878159,1],"ix":4},"o":{"a":0,"k":100,"ix":5},"r":1,"bm":0,"nm":"塗り 1","mn":"ADBE Vector Graphic - Fill","hd":false},{"ty":"tr","p":{"a":0,"k":[31.127,31.128],"ix":2},"a":{"a":0,"k":[0,0],"ix":1},"s":{"a":0,"k":[100,100],"ix":3},"r":{"a":0,"k":0,"ix":6},"o":{"a":0,"k":100,"ix":7},"sk":{"a":0,"k":0,"ix":4},"sa":{"a":0,"k":0,"ix":5},"nm":"トランスフォーム"}],"nm":"グループ 1","np":2,"cix":2,"bm":0,"ix":1,"mn":"ADBE Vector Group","hd":false}],"ip":0,"op":120,"st":0,"bm":0},{"ddd":0,"ind":2,"ty":4,"nm":"hand_r","sr":1,"ks":{"o":{"a":0,"k":100,"ix":11},"r":{"a":1,"k":[{"i":{"x":[0.833],"y":[0.833]},"o":{"x":[0.167],"y":[0.167]},"t":0,"s":[-85]},{"i":{"x":[0.833],"y":[0.833]},"o":{"x":[0.167],"y":[0.167]},"t":60,"s":[0]},{"t":119,"s":[-85]}],"ix":10},"p":{"a":0,"k":[140.701,128.257,0],"ix":2},"a":{"a":0,"k":[37.365,16.257,0],"ix":1},"s":{"a":0,"k":[144.274,144.274,100],"ix":6}},"ao":0,"shapes":[{"ty":"gr","it":[{"ind":0,"ty":"sh","ix":1,"ks":{"a":0,"k":{"i":[[0,0],[3.432,1.632],[-1.45,3.278],[0,0],[0,0],[-2.747,-2.643],[2.478,-2.575],[0,0]],"o":[[-1.45,3.279],[-3.432,-1.631],[0,0],[0,0],[2.478,-2.574],[2.746,2.643],[0,0],[0,0]],"v":[[-5.512,19.518],[-14.35,22.499],[-17.941,13.607],[-10.368,-2.895],[6.967,-21.557],[16.426,-21.432],[16.913,-11.986],[2.062,3.016]],"c":true},"ix":2},"nm":"パス 1","mn":"ADBE Vector Shape - Group","hd":false},{"ty":"fl","c":{"a":0,"k":[0.840816004136,0.827726775525,0.808987785788,1],"ix":4},"o":{"a":0,"k":100,"ix":5},"r":1,"bm":0,"nm":"塗り 1","mn":"ADBE Vector Graphic - Fill","hd":false},{"ty":"tr","p":{"a":0,"k":[39.052,14.672],"ix":2},"a":{"a":0,"k":[12.074,-17.284],"ix":1},"s":{"a":0,"k":[100,100],"ix":3},"r":{"a":0,"k":0,"ix":6},"o":{"a":0,"k":100,"ix":7},"sk":{"a":0,"k":0,"ix":4},"sa":{"a":0,"k":0,"ix":5},"nm":"トランスフォーム"}],"nm":"グループ 1","np":2,"cix":2,"bm":0,"ix":1,"mn":"ADBE Vector Group","hd":false}],"ip":0,"op":120,"st":0,"bm":0},{"ddd":0,"ind":3,"ty":4,"nm":"foot_r","sr":1,"ks":{"o":{"a":0,"k":100,"ix":11},"r":{"a":1,"k":[{"i":{"x":[0.833],"y":[0.833]},"o":{"x":[0.167],"y":[0.167]},"t":0,"s":[0]},{"i":{"x":[0.833],"y":[0.833]},"o":{"x":[0.167],"y":[0.167]},"t":60,"s":[-72]},{"t":119,"s":[0]}],"ix":10},"p":{"a":0,"k":[146,185.75,0],"ix":2},"a":{"a":0,"k":[39.5,20.25,0],"ix":1},"s":{"a":0,"k":[144.274,144.274,100],"ix":6}},"ao":0,"shapes":[{"ty":"gr","it":[{"ind":0,"ty":"sh","ix":1,"ks":{"a":0,"k":{"i":[[0,0],[-4.155,-2.14],[1.315,-3.65],[0,0],[0,0],[3.473,3.247],[-2.582,2.763],[0,0]],"o":[[1.314,-3.65],[4.155,2.14],[0,0],[0,0],[-2.582,2.763],[-3.474,-3.246],[0,0],[0,0]],"v":[[4.757,-24.194],[14.659,-26.929],[19.801,-16.445],[12.038,6.234],[-5.956,26.306],[-16.921,25.429],[-18.535,14.549],[-3.008,-1.515]],"c":true},"ix":2},"nm":"パス 1","mn":"ADBE Vector Shape - Group","hd":false},{"ty":"fl","c":{"a":0,"k":[0.840816004136,0.827726775525,0.808987785788,1],"ix":4},"o":{"a":0,"k":100,"ix":5},"r":1,"bm":0,"nm":"塗り 1","mn":"ADBE Vector Graphic - Fill","hd":false},{"ty":"tr","p":{"a":0,"k":[38.932,19.857],"ix":2},"a":{"a":0,"k":[10.346,-16.629],"ix":1},"s":{"a":0,"k":[100,100],"ix":3},"r":{"a":0,"k":0,"ix":6},"o":{"a":0,"k":100,"ix":7},"sk":{"a":0,"k":0,"ix":4},"sa":{"a":0,"k":0,"ix":5},"nm":"トランスフォーム"}],"nm":"グループ 1","np":2,"cix":2,"bm":0,"ix":1,"mn":"ADBE Vector Group","hd":false}],"ip":0,"op":120,"st":0,"bm":0},{"ddd":0,"ind":4,"ty":4,"nm":"body","sr":1,"ks":{"o":{"a":0,"k":100,"ix":11},"r":{"a":0,"k":0,"ix":10},"p":{"a":0,"k":[146.5,154.25,0],"ix":2},"a":{"a":0,"k":[25.5,44,0],"ix":1},"s":{"a":0,"k":[135.379,131.63,100],"ix":6}},"ao":0,"shapes":[{"ty":"gr","it":[{"ind":0,"ty":"sh","ix":1,"ks":{"a":0,"k":{"i":[[0,0],[9.351,0],[0,9.351],[0,0],[-9.35,0],[0,-9.351]],"o":[[0,9.351],[-9.35,0],[0,0],[0,-9.351],[9.351,0],[0,0]],"v":[[16.93,18.499],[-0.001,35.43],[-16.93,18.499],[-16.93,-18.499],[-0.001,-35.43],[16.93,-18.499]],"c":true},"ix":2},"nm":"パス 1","mn":"ADBE Vector Shape - Group","hd":false},{"ty":"fl","c":{"a":0,"k":[0.685451492609,0.666392965878,0.643461878159,1],"ix":4},"o":{"a":0,"k":100,"ix":5},"r":1,"bm":0,"nm":"塗り 1","mn":"ADBE Vector Graphic - Fill","hd":false},{"ty":"tr","p":{"a":0,"k":[25.434,43.933],"ix":2},"a":{"a":0,"k":[0,0],"ix":1},"s":{"a":0,"k":[100,93.901],"ix":3},"r":{"a":0,"k":0,"ix":6},"o":{"a":0,"k":100,"ix":7},"sk":{"a":0,"k":0,"ix":4},"sa":{"a":0,"k":0,"ix":5},"nm":"トランスフォーム"}],"nm":"グループ 1","np":2,"cix":2,"bm":0,"ix":1,"mn":"ADBE Vector Group","hd":false}],"ip":0,"op":120,"st":0,"bm":0},{"ddd":0,"ind":5,"ty":4,"nm":"hand_l","sr":1,"ks":{"o":{"a":0,"k":100,"ix":11},"r":{"a":1,"k":[{"i":{"x":[0.833],"y":[0.833]},"o":{"x":[0.167],"y":[0.167]},"t":0,"s":[0]},{"i":{"x":[0.833],"y":[0.833]},"o":{"x":[0.167],"y":[0.167]},"t":60,"s":[-95]},{"t":119,"s":[0]}],"ix":10},"p":{"a":0,"k":[149.336,128.596,0],"ix":2},"a":{"a":0,"k":[15.5,16.25,0],"ix":1},"s":{"a":0,"k":[144.274,144.274,100],"ix":6}},"ao":0,"shapes":[{"ty":"gr","it":[{"ind":0,"ty":"sh","ix":1,"ks":{"a":0,"k":{"i":[[0,0],[2.436,-2.916],[2.813,2.221],[0,0],[0,0],[-3.245,2.001],[-1.875,-3.041],[0,0]],"o":[[2.813,2.222],[-2.438,2.917],[0,0],[0,0],[-1.875,-3.041],[3.245,-2],[0,0],[0,0]],"v":[[18.993,9.395],[19.676,18.699],[10.169,19.958],[-6.488,10.391],[-20.236,-11.049],[-17.758,-20.178],[-8.488,-18.294],[2.335,-0.169]],"c":true},"ix":2},"nm":"パス 1","mn":"ADBE Vector Shape - Group","hd":false},{"ty":"fl","c":{"a":0,"k":[0.840816004136,0.827726775525,0.808987785788,1],"ix":4},"o":{"a":0,"k":100,"ix":5},"r":1,"bm":0,"nm":"塗り 1","mn":"ADBE Vector Graphic - Fill","hd":false},{"ty":"tr","p":{"a":0,"k":[15.016,15.688],"ix":2},"a":{"a":0,"k":[-14.637,-14.079],"ix":1},"s":{"a":0,"k":[100,100],"ix":3},"r":{"a":0,"k":95,"ix":6},"o":{"a":0,"k":100,"ix":7},"sk":{"a":0,"k":0,"ix":4},"sa":{"a":0,"k":0,"ix":5},"nm":"トランスフォーム"}],"nm":"グループ 1","np":2,"cix":2,"bm":0,"ix":1,"mn":"ADBE Vector Group","hd":false}],"ip":0,"op":120,"st":0,"bm":0},{"ddd":0,"ind":6,"ty":4,"nm":"foot_l","sr":1,"ks":{"o":{"a":0,"k":100,"ix":11},"r":{"a":1,"k":[{"i":{"x":[0.833],"y":[0.833]},"o":{"x":[0.167],"y":[0.167]},"t":0,"s":[0]},{"i":{"x":[0.833],"y":[0.833]},"o":{"x":[0.167],"y":[0.167]},"t":60,"s":[67]},{"t":119,"s":[0]}],"ix":10},"p":{"a":0,"k":[149.75,185.75,0],"ix":2},"a":{"a":0,"k":[19.75,19.75,0],"ix":1},"s":{"a":0,"k":[144.274,144.274,100],"ix":6}},"ao":0,"shapes":[{"ty":"gr","it":[{"ind":0,"ty":"sh","ix":1,"ks":{"a":0,"k":{"i":[[0,0],[-3.942,2.51],[-2.49,-2.974],[0,0],[0,0],[4.555,-1.363],[1.084,3.622],[0,0]],"o":[[-2.49,-2.975],[3.943,-2.509],[0,0],[0,0],[1.084,3.623],[-4.555,1.364],[0,0],[0,0]],"v":[[-18.404,-16.33],[-15.775,-26.261],[-4.127,-25.419],[11.546,-7.28],[19.81,18.378],[13.526,27.406],[3.316,23.316],[-2.732,1.808]],"c":true},"ix":2},"nm":"パス 1","mn":"ADBE Vector Shape - Group","hd":false},{"ty":"fl","c":{"a":0,"k":[0.840816004136,0.827726775525,0.808987785788,1],"ix":4},"o":{"a":0,"k":100,"ix":5},"r":1,"bm":0,"nm":"塗り 1","mn":"ADBE Vector Graphic - Fill","hd":false},{"ty":"tr","p":{"a":0,"k":[19.347,18.984],"ix":2},"a":{"a":0,"k":[-8.867,-17.441],"ix":1},"s":{"a":0,"k":[100,100],"ix":3},"r":{"a":0,"k":0,"ix":6},"o":{"a":0,"k":100,"ix":7},"sk":{"a":0,"k":0,"ix":4},"sa":{"a":0,"k":0,"ix":5},"nm":"トランスフォーム"}],"nm":"グループ 1","np":2,"cix":2,"bm":0,"ix":1,"mn":"ADBE Vector Group","hd":false}],"ip":0,"op":120,"st":0,"bm":0},{"ddd":0,"ind":7,"ty":4,"nm":"BG","sr":1,"ks":{"o":{"a":0,"k":100,"ix":11},"r":{"a":0,"k":0,"ix":10},"p":{"a":0,"k":[149.5,150,0],"ix":2},"a":{"a":0,"k":[0,0,0],"ix":1},"s":{"a":0,"k":[100,100,100],"ix":6}},"ao":0,"shapes":[{"ty":"gr","it":[{"ty":"rc","d":1,"s":{"a":0,"k":[300,300],"ix":2},"p":{"a":0,"k":[0,0],"ix":3},"r":{"a":0,"k":0,"ix":4},"nm":"長方形パス 1","mn":"ADBE Vector Shape - Rect","hd":false},{"ty":"st","c":{"a":0,"k":[1,1,1,1],"ix":3},"o":{"a":0,"k":100,"ix":4},"w":{"a":0,"k":2,"ix":5},"lc":1,"lj":1,"ml":4,"bm":0,"nm":"線 1","mn":"ADBE Vector Graphic - Stroke","hd":false},{"ty":"fl","c":{"a":0,"k":[1,1,1,1],"ix":4},"o":{"a":0,"k":100,"ix":5},"r":1,"bm":0,"nm":"塗り 1","mn":"ADBE Vector Graphic - Fill","hd":false},{"ty":"tr","p":{"a":0,"k":[0.004,-0.404],"ix":2},"a":{"a":0,"k":[0,0],"ix":1},"s":{"a":0,"k":[100,100],"ix":3},"r":{"a":0,"k":0,"ix":6},"o":{"a":0,"k":100,"ix":7},"sk":{"a":0,"k":0,"ix":4},"sa":{"a":0,"k":0,"ix":5},"nm":"トランスフォーム"}],"nm":"長方形 1","np":3,"cix":2,"bm":0,"ix":1,"mn":"ADBE Vector Group","hd":false}],"ip":0,"op":120,"st":0,"bm":0}],"markers":[]}